Ime,Naslov,Soba,Skupna cena,Cena na noč,Morje,Plaža,Center,Trgovina,Restavracija,Povezava
Apartmani Katica,Stupin Čeline| Ždrilo 29| Rogoznica,A2,400.0,50.0,30,30,1000,200,200,https://www.apartmanija.hr/apartmani/rogoznica/apartmani-katica/25359
Apartmani  Ines,Lozica IV| kuca 52| Rogoznica,A2,400.0,50.0,200,200,5000,500,700,https://www.apartmanija.hr/apartmani/rogoznica/apartmani--ines/18816
Apartmani  Ines,Lozica IV| kuca 52| Rogoznica,A2,400.0,50.0,200,200,5000,500,700,https://www.apartmanija.hr/apartmani/rogoznica/apartmani--ines/18816
Apartmani Braco,Ždrilo 22| Rogoznica,A2,560.0,70.0,10,10,5000,300,5000,https://www.apartmanija.hr/apartmani/rogoznica/apartmani-braco/1419
Apartmani Šime,Miline 54a| Rogoznica,A2,560.0,70.0,10,10,200,200,20,https://www.apartmanija.hr/apartmani/rogoznica/apartmani-sime/13872
Apartmani Dekovic,Put Crljine 1| Rogoznica,A2,560.0,70.0,300,300,2000,50,400,https://www.apartmanija.hr/apartmani/rogoznica/apartmani-dekovic/23005
Apartmani Matija,Lozica 92| Rogoznica,A2,600.0,75.0,30,30,500,500,500,https://www.apartmanija.hr/apartmani/rogoznica/apartmani-matija/17247
Apartmani Tihana,Lozica III  br.36| Rogoznica,A2,640.0,80.0,10,10,800,100,600,https://www.apartmanija.hr/apartmani/rogoznica/apartmani-tihana/9977
Apartmani Anna,Put Sepurine 48 c| Rogoznica,A2,640.0,80.0,20,20,1000,500,300,https://www.apartmanija.hr/apartmani/rogoznica/apartmani-anna/28623
Apartmani Lighthouse,Rogoznicko zecevo| Lozica IV/47a| Rogoznica,A2,680.0,85.0,50,50,4000,4000,300,https://www.apartmanija.hr/apartmani/rogoznica/apartmani-lighthouse/30066
Apartmani Lavanda,Hrvojeva 19A| Rogoznica,A2,800.0,100.0,10,10,5000,3000,5000,https://www.apartmanija.hr/apartmani/rogoznica/apartmani-lavanda/5549
Apartmani Lavanda,Hrvojeva 19A| Rogoznica,A2,840.0,105.0,10,10,5000,3000,5000,https://www.apartmanija.hr/apartmani/rogoznica/apartmani-lavanda/5549
Apartmani Villa Rogoznica,Put šepurine 51 A| Rogoznica,A2,1040.0,130.0,10,10,200,200,200,https://www.apartmanija.hr/apartmani/rogoznica/apartmani-villa-rogoznica/6171
Apartman Skorin,Trogirska 3| Rogoznica,A2,1200.0,150.0,100,100,70,200,70,https://www.apartmanija.hr/apartmani/rogoznica/apartman-skorin/8823
Apartmani Frano,Put Starog sela 24| Rogoznica,A2+1,440.0,55.0,100,100,900,500,1000,https://www.apartmanija.hr/apartmani/rogoznica/apartmani-frano/9991
Apartmani Frano,Put Starog sela 24| Rogoznica,A2+1,440.0,55.0,100,100,900,500,1000,https://www.apartmanija.hr/apartmani/rogoznica/apartmani-frano/9991
Apartmani Mičija,Put Šepurine 2| Rogoznica,A2+1,480.0,60.0,40,40,300,100,50,https://www.apartmanija.hr/apartmani/rogoznica/apartmani-micija/11704
Apartmani Mičija,Put Šepurine 2| Rogoznica,A2+1,480.0,60.0,40,40,300,100,50,https://www.apartmanija.hr/apartmani/rogoznica/apartmani-micija/11704
Apartmani Mario,Zečevo Rogozničko| Stara draga 4| Rogoznica,A2+1,480.0,60.0,200,200,2000,2000,2000,https://www.apartmanija.hr/apartmani/rogoznica/apartmani-mario/15818
Apartmani Maslina,Rogoznica| Viška 2c| Rogoznica,A2+1,480.0,60.0,200,300,300,100,200,https://www.apartmanija.hr/apartmani/rogoznica/apartmani-maslina/8629
Apartmani  Franka,Lozica 3/1| Rogoznica,A2+1,520.0,65.0,100,100,1000,1000,1000,https://www.apartmanija.hr/apartmani/rogoznica/apartmani--franka/23542
Apartmani Viktor,Zrčevarska 54| Rogoznica,A2+1,560.0,70.0,100,100,500,200,200,https://www.apartmanija.hr/apartmani/rogoznica/apartmani-viktor/515
Apartmani Viktor,Zrčevarska 54| Rogoznica,A2+1,560.0,70.0,100,100,500,200,200,https://www.apartmanija.hr/apartmani/rogoznica/apartmani-viktor/515
Apartmani Bilonic,Miline 26| Rogoznica,A2+1,560.0,70.0,10,100,100,100,100,https://www.apartmanija.hr/apartmani/rogoznica/apartmani-bilonic/1532
Apartmani Perla,Put starog sela 33| Rogoznica,A2+1,600.0,75.0,80,100,500,100,200,https://www.apartmanija.hr/apartmani/rogoznica/apartmani-perla/10149
Apartmani Goleš,Miline 48| Rogoznica,A2+1,640.0,80.0,20,20,500,200,10,https://www.apartmanija.hr/apartmani/rogoznica/apartmani-goles/23691
Apartmani Goleš,Miline 48| Rogoznica,A2+1,640.0,80.0,20,20,500,200,10,https://www.apartmanija.hr/apartmani/rogoznica/apartmani-goles/23691
Apartmani Goleš,Miline 48| Rogoznica,A2+1,640.0,80.0,20,20,500,200,10,https://www.apartmanija.hr/apartmani/rogoznica/apartmani-goles/23691
Apartmani Villa Rosina,Rtić 14D| Zečevo Rogozničko| Rogoznica,A2+1,640.0,80.0,70,70,2000,50,2000,https://www.apartmanija.hr/apartmani/rogoznica/apartmani-villa-rosina/11202
Apartmani Poljak,Zatoglav 24| Rogoznica,A2+1,640.0,80.0,80,80,3000,5000,5000,https://www.apartmanija.hr/apartmani/rogoznica/apartmani-poljak/9599
Apartmani Odi,Lozica II| broj 22| Rogoznica,A2+1,640.0,80.0,90,90,900,900,70,https://www.apartmanija.hr/apartmani/rogoznica/apartmani-odi/30875
Apartman Belin Dvor,Don Ivana Jurčeva 4 A| Rogoznica,A2+1,640.0,80.0,100,200,100,100,100,https://www.apartmanija.hr/apartmani/rogoznica/apartman-belin-dvor/26682
Apartmani Lemo,Lozica V/8| Rogoznica,A2+1,680.0,85.0,50,50,5000,500,1000,https://www.apartmanija.hr/apartmani/rogoznica/apartmani-lemo/19647
Apartmani Lemo,Lozica V/8| Rogoznica,A2+1,680.0,85.0,50,50,5000,500,1000,https://www.apartmanija.hr/apartmani/rogoznica/apartmani-lemo/19647
Apartmani Nives,Zečevarska 48| Rogoznica,A2+1,680.0,85.0,200,200,200,200,200,https://www.apartmanija.hr/apartmani/rogoznica/apartmani-nives/22284
Apartmani Jaz,Zečevo 61| Rogoznica,A2+1,680.0,85.0,400,300,5000,1000,5000,https://www.apartmanija.hr/apartmani/rogoznica/apartmani-jaz/18121
Apartmani Mahin,Put Šepurine 89| Rogoznica,A2+1,720.0,90.0,20,10,6000,800,700,https://www.apartmanija.hr/apartmani/rogoznica/apartmani-mahin-/22786
Apartmani Janja,Lozica IV 56A | Rogoznica,A2+1,720.0,90.0,30,200,1000,5000,1000,https://www.apartmanija.hr/apartmani/rogoznica/apartmani-janja/22652
Apartmani Vedrana,Nova X 53| Rogoznica,A2+1,760.0,95.0,100,100,700,700,800,https://www.apartmanija.hr/apartmani/rogoznica/apartmani-vedrana/24330
Apartmani Šime,Miline 54a| Rogoznica,A2+1,800.0,100.0,10,10,200,200,20,https://www.apartmanija.hr/apartmani/rogoznica/apartmani-sime/13872
Apartmani Šime,Miline 54a| Rogoznica,A2+1,800.0,100.0,10,10,200,200,20,https://www.apartmanija.hr/apartmani/rogoznica/apartmani-sime/13872
Apartmani Polić,Zečevo Rogozničko Lozica IV 13b| Rogoznica,A2+1,800.0,100.0,10,10,2000,400,50,https://www.apartmanija.hr/apartmani/rogoznica/apartmani-polic/13684
Apartmani Triton,Put starog sela 8A| Rogoznica,A2+1,800.0,100.0,70,70,500,500,500,https://www.apartmanija.hr/apartmani/rogoznica/apartmani-triton/28105
Apartmani Magnolia,Lozica IV| br. 56| Rogoznica,A2+1,800.0,100.0,400,400,1000,1000,1000,https://www.apartmanija.hr/apartmani/rogoznica/apartmani-magnolia/16527
Apartmani 4 Dolphins,Lozica IV/11| Rogoznica,A2+1,920.0,115.0,50,40,5000,12000,5000,https://www.apartmanija.hr/apartmani/rogoznica/apartmani-4-dolphins/7312
Apartmani 4 Dolphins,Lozica IV/11| Rogoznica,A2+1,920.0,115.0,50,40,5000,12000,5000,https://www.apartmanija.hr/apartmani/rogoznica/apartmani-4-dolphins/7312
Apartmani Polić,Zečevo Rogozničko Lozica IV 13b| Rogoznica,A2+1,960.0,120.0,10,10,2000,400,50,https://www.apartmanija.hr/apartmani/rogoznica/apartmani-polic/13684
Apartman Alfera,Nova II 2| Rogoznica,A2+1,960.0,120.0,10,10,700,500,600,https://www.apartmanija.hr/apartmani/rogoznica/apartman-alfera/22984
Apartmani Janja,Lozica IV 56A | Rogoznica,A2+1,960.0,120.0,30,200,1000,5000,1000,https://www.apartmanija.hr/apartmani/rogoznica/apartmani-janja/22652
Apartmani Magnolia,Lozica IV| br. 56| Rogoznica,A2+1,960.0,120.0,400,400,1000,1000,1000,https://www.apartmanija.hr/apartmani/rogoznica/apartmani-magnolia/16527
Apartmani Polić,Zečevo Rogozničko Lozica IV 13b| Rogoznica,A2+1,1120.0,140.0,10,10,2000,400,50,https://www.apartmanija.hr/apartmani/rogoznica/apartmani-polic/13684
Apartmani Villa Orazur,Lozica IV 13c| Rogoznica,A2+1,1280.0,160.0,10,10,1000,1000,100,https://www.apartmanija.hr/apartmani/rogoznica/apartmani-villa-orazur/31217
Apartmani Mediteraneo,Rogozničkih skalina 5| Rogoznica,A2+1,1320.0,165.0,50,600,30,100,50,https://www.apartmanija.hr/apartmani/rogoznica/apartmani-mediteraneo/29145
Apartmani Vila Luxor,Put Šepurine 22| Rogoznica,A2+2,400.0,50.0,200,200,300,200,50,https://www.apartmanija.hr/apartmani/rogoznica/apartmani-vila-luxor/27274
Apartmani Vila Luxor,Put Šepurine 22| Rogoznica,A2+2,440.0,55.0,200,200,300,200,50,https://www.apartmanija.hr/apartmani/rogoznica/apartmani-vila-luxor/27274
Apartmani Marcelina & Bepo,Ulica Nova 3/10| Rogoznica,A2+2,480.0,60.0,60,60,700,500,500,https://www.apartmanija.hr/apartmani/rogoznica/apartmani-marcelina-i-bepo/27104
Apartmani Marcelina & Bepo,Ulica Nova 3/10| Rogoznica,A2+2,480.0,60.0,60,60,700,500,500,https://www.apartmanija.hr/apartmani/rogoznica/apartmani-marcelina-i-bepo/27104
Apartmani Katica,Stupin Čeline| Ždrilo 29| Rogoznica,A2+2,560.0,70.0,30,30,1000,200,200,https://www.apartmanija.hr/apartmani/rogoznica/apartmani-katica/25359
Apartmani Iris,Rtić 32| Rogoznica,A2+2,560.0,70.0,40,50,5000,3000,50,https://www.apartmanija.hr/apartmani/rogoznica/apartmani-iris/17731
Apartmani Slavić,Varoš 19| Ražanj| Rogoznica,A2+2,560.0,70.0,60,60,300,300,300,https://www.apartmanija.hr/apartmani/rogoznica/apartmani-slavic/8978
Apartmani Slavić,Varoš 19| Ražanj| Rogoznica,A2+2,560.0,70.0,60,60,300,300,300,https://www.apartmanija.hr/apartmani/rogoznica/apartmani-slavic/8978
Apartmani Elle,Lozica III br.10| Rogoznica,A2+2,560.0,70.0,70,70,1000,100,2000,https://www.apartmanija.hr/apartmani/rogoznica/apartmani-elle/8355
Apartmani Ivona,Zečevarska 39| Rogoznica,A2+2,560.0,70.0,100,100,200,200,200,https://www.apartmanija.hr/apartmani/rogoznica/apartmani-ivona/9502
Apartmani Zec,Lozica IV 1A| Rogoznica,A2+2,560.0,70.0,100,100,1000,500,200,https://www.apartmanija.hr/apartmani/rogoznica/apartmani-zec/24101
Apartmani  Ines,Lozica IV| kuca 52| Rogoznica,A2+2,560.0,70.0,200,200,5000,500,700,https://www.apartmanija.hr/apartmani/rogoznica/apartmani--ines/18816
Apartmani  Ines,Lozica IV| kuca 52| Rogoznica,A2+2,560.0,70.0,200,200,5000,500,700,https://www.apartmanija.hr/apartmani/rogoznica/apartmani--ines/18816
Apartmani  Deković,Put jezera 9| Rogoznica,A2+2,560.0,70.0,200,200,300,200,200,https://www.apartmanija.hr/apartmani/rogoznica/apartmani--dekovic/23585
Apartmani  Deković,Put jezera 9| Rogoznica,A2+2,560.0,70.0,200,200,300,200,200,https://www.apartmanija.hr/apartmani/rogoznica/apartmani--dekovic/23585
Apartmani Tonka,Lozica V 4a| Rogoznica,A2+2,600.0,75.0,100,100,8000,8000,200,https://www.apartmanija.hr/apartmani/rogoznica/apartmani-tonka/20496
Apartmani Ilija,Podgruda 16c| Rogoznica,A2+2,600.0,75.0,200,200,Ni podatka,Ni podatka,Ni podatka,https://www.apartmanija.hr/apartmani/rogoznica/apartmani-ilija/13378
Apartmani Ilija,Podgruda 16c| Rogoznica,A2+2,600.0,75.0,200,200,Ni podatka,Ni podatka,Ni podatka,https://www.apartmanija.hr/apartmani/rogoznica/apartmani-ilija/13378
Apartmani Katica,Stupin Čeline| Ždrilo 29| Rogoznica,A2+2,640.0,80.0,30,30,1000,200,200,https://www.apartmanija.hr/apartmani/rogoznica/apartmani-katica/25359
Apartmani Dino,Stupin Čeline | Rogoznica,A2+2,640.0,80.0,40,40,5000,200,5000,https://www.apartmanija.hr/apartmani/rogoznica/apartmani-dino/8905
Apartmani Iris,Rtić 32| Rogoznica,A2+2,640.0,80.0,40,50,5000,3000,50,https://www.apartmanija.hr/apartmani/rogoznica/apartmani-iris/17731
Apartmani Fiso,Zatoglav  24A| Rogoznica,A2+2,640.0,80.0,100,100,1000,1000,2000,https://www.apartmanija.hr/apartmani/rogoznica/apartmani-fiso/23022
Apartmani Ivona,Zečevarska 39| Rogoznica,A2+2,640.0,80.0,100,100,200,200,200,https://www.apartmanija.hr/apartmani/rogoznica/apartmani-ivona/9502
Apartmani Tonka,Lozica V 4a| Rogoznica,A2+2,640.0,80.0,100,100,8000,8000,200,https://www.apartmanija.hr/apartmani/rogoznica/apartmani-tonka/20496
Apartmani Ana,Don Jurčeva 6| Rogoznica,A2+2,640.0,80.0,100,100,70,80,70,https://www.apartmanija.hr/apartmani/rogoznica/apartmani-ana/17224
Apartmani Ana,Don Jurčeva 6| Rogoznica,A2+2,640.0,80.0,100,100,70,80,70,https://www.apartmanija.hr/apartmani/rogoznica/apartmani-ana/17224
Apartmani Ana,Don Jurčeva 6| Rogoznica,A2+2,640.0,80.0,100,100,70,80,70,https://www.apartmanija.hr/apartmani/rogoznica/apartmani-ana/17224
Apartmani Antea,Put starog sela 16| Rogoznica,A2+2,640.0,80.0,100,100,500,500,500,https://www.apartmanija.hr/apartmani/rogoznica/apartmani-antea/273
Apartman Vesna,Nova VI| 57| Rogoznica,A2+2,640.0,80.0,100,100,800,800,1000,https://www.apartmanija.hr/apartmani/rogoznica/apartman-vesna/8061
Apartmani Magnolia Radačić,Lozica IV 1/c| Rogoznica,A2+2,640.0,80.0,100,100,2000,2000,1000,https://www.apartmanija.hr/apartmani/rogoznica/apartmani-magnolia-radacic/10071
Apartmani Dalmacija,Ante Starčevića 17A| Rogoznica,A2+2,640.0,80.0,300,300,300,100,200,https://www.apartmanija.hr/apartmani/rogoznica/apartmani-dalmacija-/14560
Apartmani Dalmacija,Ante Starčevića 17A| Rogoznica,A2+2,640.0,80.0,300,300,300,100,200,https://www.apartmanija.hr/apartmani/rogoznica/apartmani-dalmacija-/14560
Apartmani  Slavica,Lozica VI br. 23| Rogoznica,A2+2,680.0,85.0,10,10,5000,2000,10,https://www.apartmanija.hr/apartmani/rogoznica/apartmani--slavica/14651
Apartmani Palma,Varoš 26| Ražanj| Rogoznica,A2+2,680.0,85.0,10,10,300,100,100,https://www.apartmanija.hr/apartmani/rogoznica/apartmani-palma-/10059
Apartmani Palma,Varoš 26| Ražanj| Rogoznica,A2+2,680.0,85.0,10,10,300,100,100,https://www.apartmanija.hr/apartmani/rogoznica/apartmani-palma-/10059
Apartmani Palma,Varoš 26| Ražanj| Rogoznica,A2+2,680.0,85.0,10,10,300,100,100,https://www.apartmanija.hr/apartmani/rogoznica/apartmani-palma-/10059
Apartmani Jerkunica,Miline 30| Rogoznica,A2+2,680.0,85.0,10,30,50,50,40,https://www.apartmanija.hr/apartmani/rogoznica/apartmani-jerkunica/9768
Apartmani Jerkunica,Miline 30| Rogoznica,A2+2,680.0,85.0,10,30,50,50,40,https://www.apartmanija.hr/apartmani/rogoznica/apartmani-jerkunica/9768
Apartmani Jerkunica,Miline 30| Rogoznica,A2+2,680.0,85.0,10,30,50,50,40,https://www.apartmanija.hr/apartmani/rogoznica/apartmani-jerkunica/9768
Apartmani Jerkunica,Miline 30| Rogoznica,A2+2,680.0,85.0,10,30,50,50,40,https://www.apartmanija.hr/apartmani/rogoznica/apartmani-jerkunica/9768
Apartmani Lilian,Nova ulica VI 18| Rogoznica,A2+2,680.0,85.0,70,70,800,700,800,https://www.apartmanija.hr/apartmani/rogoznica/apartmani-lilian/10687
Apartmani Lilian,Nova ulica VI 18| Rogoznica,A2+2,680.0,85.0,70,70,800,700,800,https://www.apartmanija.hr/apartmani/rogoznica/apartmani-lilian/10687
Apartmani Sunčica,Zečevarska 71A| Rogoznica,A2+2,680.0,85.0,100,100,500,300,5000,https://www.apartmanija.hr/apartmani/rogoznica/apartmani-suncica/15663
Apartmani Sunčica,Zečevarska 71A| Rogoznica,A2+2,680.0,85.0,100,100,500,300,5000,https://www.apartmanija.hr/apartmani/rogoznica/apartmani-suncica/15663
Apartmani Marko,Stupin Celine 4/9| Rogoznica,A2+2,680.0,85.0,100,100,2000,30,5000,https://www.apartmanija.hr/apartmani/rogoznica/apartmani-marko/21785
Apartmani  Goleš,Podglavička 9| Rogoznica,A2+2,704.0,88.0,100,100,100,80,200,https://www.apartmanija.hr/apartmani/rogoznica/apartmani--goles-/25460
Apartmani Goleš,Miline 48| Rogoznica,A2+2,720.0,90.0,20,20,500,200,10,https://www.apartmanija.hr/apartmani/rogoznica/apartmani-goles/23691
Apartmani Crnjac,Čelina I 31a| Stupin Čeline| Rogoznica,A2+2,720.0,90.0,30,30,2000,500,2000,https://www.apartmanija.hr/apartmani/rogoznica/apartmani-crnjac/30246
Apartmani Poljak,Zatoglav 24| Rogoznica,A2+2,720.0,90.0,80,80,3000,5000,5000,https://www.apartmanija.hr/apartmani/rogoznica/apartmani-poljak/9599
Apartmani Poljak,Zatoglav 24| Rogoznica,A2+2,720.0,90.0,80,80,3000,5000,5000,https://www.apartmanija.hr/apartmani/rogoznica/apartmani-poljak/9599
Apartmani Lavanda,Lozica IV 18A| Rogoznica,A2+2,720.0,90.0,100,100,200,1000,100,https://www.apartmanija.hr/apartmani/rogoznica/apartmani-lavanda/27992
Apartmani Lavanda,Lozica IV 18A| Rogoznica,A2+2,720.0,90.0,100,100,200,1000,100,https://www.apartmanija.hr/apartmani/rogoznica/apartmani-lavanda/27992
Apartmani Mistral,Lozica 2/70 | Rogoznica,A2+2,760.0,95.0,10,10,800,600,400,https://www.apartmanija.hr/apartmani/rogoznica/apartmani-mistral/22783
Apartmani Laim,Kanica 190A| Rogoznica,A2+2,760.0,95.0,50,50,2000,10000,15000,https://www.apartmanija.hr/apartmani/rogoznica/apartmani-laim/6540
Apartmani Miljenko,Jarebinjačka 7| Rogoznica,A2+2,760.0,95.0,50,50,200,200,200,https://www.apartmanija.hr/apartmani/rogoznica/apartmani-miljenko/8298
Apartmani Miljenko,Jarebinjačka 7| Rogoznica,A2+2,760.0,95.0,50,50,200,200,200,https://www.apartmanija.hr/apartmani/rogoznica/apartmani-miljenko/8298
Apartmani Miljenko,Jarebinjačka 7| Rogoznica,A2+2,760.0,95.0,50,50,200,200,200,https://www.apartmanija.hr/apartmani/rogoznica/apartmani-miljenko/8298
Apartmani Vedrana,Nova X 53| Rogoznica,A2+2,760.0,95.0,100,100,700,700,800,https://www.apartmanija.hr/apartmani/rogoznica/apartmani-vedrana/24330
Apartmani Magnolia Radačić,Lozica IV 1/c| Rogoznica,A2+2,760.0,95.0,100,100,2000,2000,1000,https://www.apartmanija.hr/apartmani/rogoznica/apartmani-magnolia-radacic/10071
Apartman DoCa,Lozica IV| 40| Rogoznica,A2+2,760.0,95.0,100,200,3000,2000,2000,https://www.apartmanija.hr/apartmani/rogoznica/apartman-doca/23444
Apartmani Anna,Put Sepurine 48 c| Rogoznica,A2+2,800.0,100.0,20,20,1000,500,300,https://www.apartmanija.hr/apartmani/rogoznica/apartmani-anna/28623
Apartmani Anna,Put Sepurine 48 c| Rogoznica,A2+2,800.0,100.0,20,20,1000,500,300,https://www.apartmanija.hr/apartmani/rogoznica/apartmani-anna/28623
Apartmani Anna,Put Sepurine 48 c| Rogoznica,A2+2,800.0,100.0,20,20,1000,500,300,https://www.apartmanija.hr/apartmani/rogoznica/apartmani-anna/28623
Apartmani Luka,Rtić 14c| Zečevo| Rogoznica,A2+2,800.0,100.0,30,30,3000,5000,30,https://www.apartmanija.hr/apartmani/rogoznica/apartmani-luka/12131
Apartmani Lana,Put šepurine 53| Rogoznica,A2+2,800.0,100.0,30,30,1000,600,300,https://www.apartmanija.hr/apartmani/rogoznica/apartmani-lana/9151
Apartmani Ana,Don Jurčeva 6| Rogoznica,A2+2,800.0,100.0,100,100,70,80,70,https://www.apartmanija.hr/apartmani/rogoznica/apartmani-ana/17224
Apartmani Faro,Rtić 37| Zečevo Rogozničko| Rogoznica,A2+2,880.0,110.0,30,30,2000,5000,300,https://www.apartmanija.hr/apartmani/rogoznica/apartmani-faro/27804
Apartmani Luka,Rtić 14c| Zečevo| Rogoznica,A2+2,880.0,110.0,30,30,3000,5000,30,https://www.apartmanija.hr/apartmani/rogoznica/apartmani-luka/12131
Apartmani Iva,Lozica V| 4/B| Rogoznica,A2+2,880.0,110.0,100,100,1000,200,400,https://www.apartmanija.hr/apartmani/rogoznica/apartmani-iva/8821
Apartmani Iva,Lozica V| 4/B| Rogoznica,A2+2,880.0,110.0,100,100,1000,200,400,https://www.apartmanija.hr/apartmani/rogoznica/apartmani-iva/8821
Apartmani Vedrana,Nova X 53| Rogoznica,A2+2,880.0,110.0,100,100,700,700,800,https://www.apartmanija.hr/apartmani/rogoznica/apartmani-vedrana/24330
Apartman Marty,Nova 1 52| Rogoznica,A2+2,880.0,110.0,200,200,200,100,400,https://www.apartmanija.hr/apartmani/rogoznica/apartman-marty/30945
Apartmani Zečevo,Zečevo Rogozničko| Stara draga 15 a| Rogoznica,A2+2,880.0,110.0,200,200,8000,8000,8000,https://www.apartmanija.hr/apartmani/rogoznica/apartmani-zecevo/30436
Apartmani Captains House,Nova ul. V/2| Rogoznica,A2+2,960.0,120.0,10,10,500,500,500,https://www.apartmanija.hr/apartmani/rogoznica/apartmani-captains-house/3129
Apartmani Captains House,Nova ul. V/2| Rogoznica,A2+2,960.0,120.0,10,10,500,500,500,https://www.apartmanija.hr/apartmani/rogoznica/apartmani-captains-house/3129
Apartman Morska Villa,Lozica II  82| Rogoznica,A2+2,960.0,120.0,10,10,1000,500,600,https://www.apartmanija.hr/apartmani/rogoznica/apartman-morska-villa/12744
Apartmani Triton,Put starog sela 8A| Rogoznica,A2+2,960.0,120.0,70,70,500,500,500,https://www.apartmanija.hr/apartmani/rogoznica/apartmani-triton/28105
Apartmani Triton,Put starog sela 8A| Rogoznica,A2+2,960.0,120.0,70,70,500,500,500,https://www.apartmanija.hr/apartmani/rogoznica/apartmani-triton/28105
Apartman Skorin,Trogirska 3| Rogoznica,A2+2,960.0,120.0,100,100,70,200,70,https://www.apartmanija.hr/apartmani/rogoznica/apartman-skorin/8823
Apartmani Lavanda,Hrvojeva 19A| Rogoznica,A2+2,1040.0,130.0,10,10,5000,3000,5000,https://www.apartmanija.hr/apartmani/rogoznica/apartmani-lavanda/5549
Apartmani Villa Stella,Zečevarska 96 A| Rogoznica,A2+2,1120.0,140.0,10,50,500,200,500,https://www.apartmanija.hr/apartmani/rogoznica/apartmani-villa-stella/16833
Apartmani Villa Stella,Zečevarska 96 A| Rogoznica,A2+2,1120.0,140.0,10,50,500,200,500,https://www.apartmanija.hr/apartmani/rogoznica/apartmani-villa-stella/16833
Apartmani Jelena,Ljoljinica 51| Rogoznica,A2+2,1120.0,140.0,50,50,7000,200,200,https://www.apartmanija.hr/apartmani/rogoznica/apartmani-jelena/11969
Apartmani Villa Rogoznica,Put šepurine 51 A| Rogoznica,A2+2,1520.0,190.0,10,10,200,200,200,https://www.apartmanija.hr/apartmani/rogoznica/apartmani-villa-rogoznica/6171
Apartmani Villa Rogoznica,Put šepurine 51 A| Rogoznica,A2+2,1520.0,190.0,10,10,200,200,200,https://www.apartmanija.hr/apartmani/rogoznica/apartmani-villa-rogoznica/6171
Apartmani Rajčić,Ražanj|Uvala Stivašnica 58| Rogoznica,A2+2,1600.0,200.0,20,10,5000,5000,5000,https://www.apartmanija.hr/apartmani/rogoznica/apartmani-rajcic/8205
Apartmani Rajčić,Ražanj|Uvala Stivašnica 58| Rogoznica,A2+2,1600.0,200.0,20,10,5000,5000,5000,https://www.apartmanija.hr/apartmani/rogoznica/apartmani-rajcic/8205
Apartman Skorin,Trogirska 3| Rogoznica,A2+3,880.0,110.0,100,100,70,200,70,https://www.apartmanija.hr/apartmani/rogoznica/apartman-skorin/8823
Apartmani Lana,Put šepurine 53| Rogoznica,A2+3,960.0,120.0,30,30,1000,600,300,https://www.apartmanija.hr/apartmani/rogoznica/apartmani-lana/9151
Apartmani Varaždinci,Zatoglav 58| Rogoznica,A3,624.0,78.0,100,100,4000,2000,4000,https://www.apartmanija.hr/apartmani/rogoznica/apartmani-varazdinci/24495
Apartmani Braco,Ždrilo 22| Rogoznica,A3,640.0,80.0,10,10,5000,300,5000,https://www.apartmanija.hr/apartmani/rogoznica/apartmani-braco/1419
Apartmani Tihana,Lozica III  br.36| Rogoznica,A3,720.0,90.0,10,10,800,100,600,https://www.apartmanija.hr/apartmani/rogoznica/apartmani-tihana/9977
Apartmani Villa Klisovic,Put Šepurine 35| Rogoznica,A3,760.0,95.0,100,100,800,500,300,https://www.apartmanija.hr/apartmani/rogoznica/apartmani-villa-klisovic/4973
Apartmani Villa Klisovic,Put Šepurine 35| Rogoznica,A3,872.0,109.0,100,100,800,500,300,https://www.apartmanija.hr/apartmani/rogoznica/apartmani-villa-klisovic/4973
Apartmani Mediteraneo,Rogozničkih skalina 5| Rogoznica,A3,1040.0,130.0,50,600,30,100,50,https://www.apartmanija.hr/apartmani/rogoznica/apartmani-mediteraneo/29145
Apartmani Villa Klisovic,Put Šepurine 35| Rogoznica,A3+1,760.0,95.0,100,100,800,500,300,https://www.apartmanija.hr/apartmani/rogoznica/apartmani-villa-klisovic/4973
Apartmani Villa Klisovic,Put Šepurine 35| Rogoznica,A3+1,824.0,103.0,100,100,800,500,300,https://www.apartmanija.hr/apartmani/rogoznica/apartmani-villa-klisovic/4973
Apartmani Magnolia,Lozica IV| br. 56| Rogoznica,A3+1,1080.0,135.0,400,400,1000,1000,1000,https://www.apartmanija.hr/apartmani/rogoznica/apartmani-magnolia/16527
Apartmani Ivona,Zečevarska 39| Rogoznica,A3+2,720.0,90.0,100,100,200,200,200,https://www.apartmanija.hr/apartmani/rogoznica/apartmani-ivona/9502
Apartman Morska Villa,Lozica II  82| Rogoznica,A3+2,1200.0,150.0,10,10,1000,500,600,https://www.apartmanija.hr/apartmani/rogoznica/apartman-morska-villa/12744
Apartmani Mihanović,Lozica II/68| Rogoznica,A4,480.0,60.0,30,30,1000,900,50,https://www.apartmanija.hr/apartmani/rogoznica/apartmani-mihanovic/29215
Apartmani Šaponja,Stupin Čelina 2-22-Podglavica| Rogoznica,A4,520.0,65.0,100,100,2000,300,2000,https://www.apartmanija.hr/apartmani/rogoznica/apartmani-saponja/30194
Apartmani Topic,Don Ivana Jurceva 16| Rogoznica,A4,560.0,70.0,50,50,50,50,60,https://www.apartmanija.hr/apartmani/rogoznica/apartmani-topic/27059
Apartmani Topic,Don Ivana Jurceva 16| Rogoznica,A4,560.0,70.0,50,50,50,50,60,https://www.apartmanija.hr/apartmani/rogoznica/apartmani-topic/27059
Apartmani Iva Janeš,Put Jezera 3A | Rogoznica,A4,640.0,80.0,50,50,200,200,500,https://www.apartmanija.hr/apartmani/rogoznica/apartmani-iva-janes/14191
Apartmani Iva Janeš,Put Jezera 3A | Rogoznica,A4,640.0,80.0,50,50,200,200,500,https://www.apartmanija.hr/apartmani/rogoznica/apartmani-iva-janes/14191
Apartmani Blažević,Kanica193B| Rogoznica,A4,640.0,80.0,70,70,10000,2000,70,https://www.apartmanija.hr/apartmani/rogoznica/apartmani-blazevic/6348
Apartmani Blažević,Kanica193B| Rogoznica,A4,640.0,80.0,70,70,10000,2000,70,https://www.apartmanija.hr/apartmani/rogoznica/apartmani-blazevic/6348
Apartmani Blažević,Kanica193B| Rogoznica,A4,640.0,80.0,70,70,10000,2000,70,https://www.apartmanija.hr/apartmani/rogoznica/apartmani-blazevic/6348
Apartmani Blažević,Kanica193B| Rogoznica,A4,640.0,80.0,70,70,10000,2000,70,https://www.apartmanija.hr/apartmani/rogoznica/apartmani-blazevic/6348
Apartmani Blažević,Kanica193B| Rogoznica,A4,640.0,80.0,70,70,10000,2000,70,https://www.apartmanija.hr/apartmani/rogoznica/apartmani-blazevic/6348
Apartmani Blažević,Kanica193B| Rogoznica,A4,640.0,80.0,70,70,10000,2000,70,https://www.apartmanija.hr/apartmani/rogoznica/apartmani-blazevic/6348
Apartman The D,Zečevarska 94| Rogoznica,A4,680.0,85.0,30,30,500,500,500,https://www.apartmanija.hr/apartmani/rogoznica/apartman-the-d/23079
Apartmani Katica,Stupin Čeline| Ždrilo 29| Rogoznica,A4,720.0,90.0,30,30,1000,200,200,https://www.apartmanija.hr/apartmani/rogoznica/apartmani-katica/25359
Apartmani  Ines,Lozica IV| kuca 52| Rogoznica,A4,720.0,90.0,200,200,5000,500,700,https://www.apartmanija.hr/apartmani/rogoznica/apartmani--ines/18816
Apartmani  Ines,Lozica IV| kuca 52| Rogoznica,A4,720.0,90.0,200,200,5000,500,700,https://www.apartmanija.hr/apartmani/rogoznica/apartmani--ines/18816
Apartman Vladica,Viska 20| Rogoznica,A4,720.0,90.0,200,200,300,200,200,https://www.apartmanija.hr/apartmani/rogoznica/apartman-vladica/28782
Apartmani Varaždinci,Zatoglav 58| Rogoznica,A4,784.0,98.0,100,100,4000,2000,4000,https://www.apartmanija.hr/apartmani/rogoznica/apartmani-varazdinci/24495
Apartmani Varaždinci,Zatoglav 58| Rogoznica,A4,784.0,98.0,100,100,4000,2000,4000,https://www.apartmanija.hr/apartmani/rogoznica/apartmani-varazdinci/24495
Apartmani  Slavica,Lozica VI br. 23| Rogoznica,A4,880.0,110.0,10,10,5000,2000,10,https://www.apartmanija.hr/apartmani/rogoznica/apartmani--slavica/14651
Apartmani  Slavica,Lozica VI br. 23| Rogoznica,A4,880.0,110.0,10,10,5000,2000,10,https://www.apartmanija.hr/apartmani/rogoznica/apartmani--slavica/14651
Apartmani BM Rog,Ždrilo 25| Rogoznica,A4,880.0,110.0,10,10,5000,200,400,https://www.apartmanija.hr/apartmani/rogoznica/apartmani-bm-rog-/6009
Apartmani Ljubomir Gracin,Lozica II 54| Rogoznica,A4,880.0,110.0,50,50,1000,200,1000,https://www.apartmanija.hr/apartmani/rogoznica/apartmani-ljubomir-gracin/10477
Apartmani Ljubomir Gracin,Lozica II 54| Rogoznica,A4,880.0,110.0,50,50,1000,200,1000,https://www.apartmanija.hr/apartmani/rogoznica/apartmani-ljubomir-gracin/10477
Apartmani Ljubomir Gracin,Lozica II 54| Rogoznica,A4,880.0,110.0,50,50,1000,200,1000,https://www.apartmanija.hr/apartmani/rogoznica/apartmani-ljubomir-gracin/10477
Apartmani Mira,Nova IX| 18| Rogoznica,A4,880.0,110.0,70,70,1000,700,800,https://www.apartmanija.hr/apartmani/rogoznica/apartmani-mira/9850
Apartmani Mira,Nova IX| 18| Rogoznica,A4,880.0,110.0,70,70,1000,700,800,https://www.apartmanija.hr/apartmani/rogoznica/apartmani-mira/9850
Apartmani Dekovic,Put Crljine 1| Rogoznica,A4,912.0,114.0,300,300,2000,50,400,https://www.apartmanija.hr/apartmani/rogoznica/apartmani-dekovic/23005
Apartmani Mira,Nova IX| 18| Rogoznica,A4,920.0,115.0,70,70,1000,700,800,https://www.apartmanija.hr/apartmani/rogoznica/apartmani-mira/9850
Apartmani Mira,Nova IX| 18| Rogoznica,A4,920.0,115.0,70,70,1000,700,800,https://www.apartmanija.hr/apartmani/rogoznica/apartmani-mira/9850
Apartmani Antonio,Viška 10| Rogoznica,A4,920.0,115.0,90,90,90,90,90,https://www.apartmanija.hr/apartmani/rogoznica/apartmani-antonio-/27020
Apartmani Roko,Jadranska ulica 41a| Rogoznica,A4,960.0,120.0,10,10,300,100,200,https://www.apartmanija.hr/apartmani/rogoznica/apartmani-roko/9643
Apartmani Roko,Jadranska ulica 41a| Rogoznica,A4,960.0,120.0,10,10,300,100,200,https://www.apartmanija.hr/apartmani/rogoznica/apartmani-roko/9643
Apartmani Roko,Jadranska ulica 41a| Rogoznica,A4,960.0,120.0,10,10,300,100,200,https://www.apartmanija.hr/apartmani/rogoznica/apartmani-roko/9643
Apartmani Roko,Jadranska ulica 41a| Rogoznica,A4,960.0,120.0,10,10,300,100,200,https://www.apartmanija.hr/apartmani/rogoznica/apartmani-roko/9643
Apartmani Mira,Nova IX| 18| Rogoznica,A4,960.0,120.0,70,70,1000,700,800,https://www.apartmanija.hr/apartmani/rogoznica/apartmani-mira/9850
Apartmani Sunčica,Zečevarska 71A| Rogoznica,A4,960.0,120.0,100,100,500,300,5000,https://www.apartmanija.hr/apartmani/rogoznica/apartmani-suncica/15663
Apartmani Perla,Put starog sela 33| Rogoznica,A4,960.0,120.0,80,100,500,100,200,https://www.apartmanija.hr/apartmani/rogoznica/apartmani-perla/10149
Apartmani Biserka,Zečevarska 76|Lozica| Rogoznica,A4,960.0,120.0,70,100,600,200,300,https://www.apartmanija.hr/apartmani/rogoznica/apartmani-biserka/14997
Apartmani Lavanda,Hrvojeva 19A| Rogoznica,A4,1000.0,125.0,10,10,5000,3000,5000,https://www.apartmanija.hr/apartmani/rogoznica/apartmani-lavanda/5549
Apartmani Lavanda,Hrvojeva 19A| Rogoznica,A4,1000.0,125.0,10,10,5000,3000,5000,https://www.apartmanija.hr/apartmani/rogoznica/apartmani-lavanda/5549
Apartmani Sweet Mamma,Lozica V kb 9| Rogoznica,A4,1040.0,130.0,30,30,5000,300,5000,https://www.apartmanija.hr/apartmani/rogoznica/apartmani-sweet-mamma/5240
Apartmani Villa Rosina,Rtić 14D| Zečevo Rogozničko| Rogoznica,A4,1040.0,130.0,70,70,2000,50,2000,https://www.apartmanija.hr/apartmani/rogoznica/apartmani-villa-rosina/11202
Apartmani Magnolia,Lozica IV| br. 56| Rogoznica,A4,1080.0,135.0,400,400,1000,1000,1000,https://www.apartmanija.hr/apartmani/rogoznica/apartmani-magnolia/16527
Apartmani Braco,Ždrilo 22| Rogoznica,A4,1120.0,140.0,10,10,5000,300,5000,https://www.apartmanija.hr/apartmani/rogoznica/apartmani-braco/1419
Apartmani Braco,Ždrilo 22| Rogoznica,A4,1120.0,140.0,10,10,5000,300,5000,https://www.apartmanija.hr/apartmani/rogoznica/apartmani-braco/1419
Apartmani Hadriaticum 1,Zatoglav 69| Rogoznica,A4,1120.0,140.0,10,10,4000,2000,4000,https://www.apartmanija.hr/apartmani/rogoznica/apartmani-hadriaticum-1/7427
Apartmani Delfin,Put rtića 16| Rogoznica,A4,1120.0,140.0,10,10,300,300,100,https://www.apartmanija.hr/apartmani/rogoznica/apartmani-delfin/2599
Apartmani Janja,Lozica IV 56A | Rogoznica,A4,1120.0,140.0,30,200,1000,5000,1000,https://www.apartmanija.hr/apartmani/rogoznica/apartmani-janja/22652
Apartmani Hadriaticum 1,Zatoglav 69| Rogoznica,A4,1200.0,150.0,10,10,4000,2000,4000,https://www.apartmanija.hr/apartmani/rogoznica/apartmani-hadriaticum-1/7427
Apartmani Rora,Lozica IV| Rogoznica,A4,1200.0,150.0,10,10,1000,1000,100,https://www.apartmanija.hr/apartmani/rogoznica/apartmani-rora/26035
Apartmani Rora,Lozica IV| Rogoznica,A4,1200.0,150.0,10,10,1000,1000,100,https://www.apartmanija.hr/apartmani/rogoznica/apartmani-rora/26035
Apartmani Rora,Lozica IV| Rogoznica,A4,1200.0,150.0,10,10,1000,1000,100,https://www.apartmanija.hr/apartmani/rogoznica/apartmani-rora/26035
Apartmani Rora,Lozica IV| Rogoznica,A4,1200.0,150.0,10,10,1000,1000,100,https://www.apartmanija.hr/apartmani/rogoznica/apartmani-rora/26035
Apartmani Jela,Zatoglav 68| Rogoznica,A4,1200.0,150.0,10,10,4000,3000,4000,https://www.apartmanija.hr/apartmani/rogoznica/apartmani-jela/12658
Apartmani Jela,Zatoglav 68| Rogoznica,A4,1200.0,150.0,10,10,4000,3000,4000,https://www.apartmanija.hr/apartmani/rogoznica/apartmani-jela/12658
Apartmani Sunrise A1,Zatoglav 47| Rogoznica,A4,1200.0,150.0,30,30,4000,3000,3000,https://www.apartmanija.hr/apartmani/rogoznica/apartmani-sunrise-a1/23755
Apartmani Sunrise A1,Zatoglav 47| Rogoznica,A4,1200.0,150.0,30,30,4000,3000,3000,https://www.apartmanija.hr/apartmani/rogoznica/apartmani-sunrise-a1/23755
Apartmani Sunrise A1,Zatoglav 47| Rogoznica,A4,1200.0,150.0,30,30,4000,3000,3000,https://www.apartmanija.hr/apartmani/rogoznica/apartmani-sunrise-a1/23755
Apartmani Sunrise A1,Zatoglav 47| Rogoznica,A4,1200.0,150.0,30,30,4000,3000,3000,https://www.apartmanija.hr/apartmani/rogoznica/apartmani-sunrise-a1/23755
Apartman Villa Gajeta,Kanica 219A| Rogoznica,A4,1280.0,160.0,30,30,10,3000,200,https://www.apartmanija.hr/apartmani/rogoznica/apartman-villa-gajeta/10692
Apartmani Villa Stella,Zečevarska 96 A| Rogoznica,A4,1360.0,170.0,10,50,500,200,500,https://www.apartmanija.hr/apartmani/rogoznica/apartmani-villa-stella/16833
Apartmani Villa Stella,Zečevarska 96 A| Rogoznica,A4,1360.0,170.0,10,50,500,200,500,https://www.apartmanija.hr/apartmani/rogoznica/apartmani-villa-stella/16833
Apartmani ATL,Splitska 10| Rogoznica,A4,1440.0,180.0,70,70,200,200,200,https://www.apartmanija.hr/apartmani/rogoznica/apartmani-atl/18543
Apartmani Cvita Holiday,Podgruda 7| Rogoznica,A4,1520.0,190.0,100,100,5000,5000,10,https://www.apartmanija.hr/apartmani/rogoznica/apartmani-cvita-holiday/30907
Apartmani Rajčić,Ražanj|Uvala Stivašnica 58| Rogoznica,A4,1600.0,200.0,20,10,5000,5000,5000,https://www.apartmanija.hr/apartmani/rogoznica/apartmani-rajcic/8205
Apartmani Cvita Holiday,Podgruda 7| Rogoznica,A4,1720.0,215.0,100,100,5000,5000,10,https://www.apartmanija.hr/apartmani/rogoznica/apartmani-cvita-holiday/30907
Apartman Novi Svijet,Zecevo Rogoznicko 39| Rogoznica,A4+1,560.0,70.0,300,25000,20000,20000,30000,https://www.apartmanija.hr/apartmani/rogoznica/apartman-novi-svijet/31364
Apartmani Mima,Put Starog Sela 12| Rogoznica,A4+1,640.0,80.0,80,100,1000,100,700,https://www.apartmanija.hr/apartmani/rogoznica/apartmani-mima/7818
Apartmani Mima,Put Starog Sela 12| Rogoznica,A4+1,640.0,80.0,80,100,1000,100,700,https://www.apartmanija.hr/apartmani/rogoznica/apartmani-mima/7818
Apartmani Miki,Čeline II 3| Rogoznica,A4+1,640.0,80.0,100,100,2000,100,2000,https://www.apartmanija.hr/apartmani/rogoznica/apartmani-miki/9464
Apartmani Miki,Čeline II 3| Rogoznica,A4+1,640.0,80.0,100,100,2000,100,2000,https://www.apartmanija.hr/apartmani/rogoznica/apartmani-miki/9464
Apartmani Odi,Lozica II| broj 22| Rogoznica,A4+1,720.0,90.0,90,90,900,900,70,https://www.apartmanija.hr/apartmani/rogoznica/apartmani-odi/30875
Apartman Novi Svijet,Zecevo Rogoznicko 39| Rogoznica,A4+1,720.0,90.0,300,25000,20000,20000,30000,https://www.apartmanija.hr/apartmani/rogoznica/apartman-novi-svijet/31364
Apartman Novi Svijet,Zecevo Rogoznicko 39| Rogoznica,A4+1,720.0,90.0,300,25000,20000,20000,30000,https://www.apartmanija.hr/apartmani/rogoznica/apartman-novi-svijet/31364
Apartmani Dino,Stupin Čeline | Rogoznica,A4+1,760.0,95.0,40,40,5000,200,5000,https://www.apartmanija.hr/apartmani/rogoznica/apartmani-dino/8905
Apartmani Dino,Stupin Čeline | Rogoznica,A4+1,760.0,95.0,40,40,5000,200,5000,https://www.apartmanija.hr/apartmani/rogoznica/apartmani-dino/8905
Apartmani Dino,Stupin Čeline | Rogoznica,A4+1,760.0,95.0,40,40,5000,200,5000,https://www.apartmanija.hr/apartmani/rogoznica/apartmani-dino/8905
Apartmani  Slavica,Lozica VI br. 23| Rogoznica,A4+1,800.0,100.0,10,10,5000,2000,10,https://www.apartmanija.hr/apartmani/rogoznica/apartmani--slavica/14651
Apartmani Jerkunica,Miline 30| Rogoznica,A4+1,800.0,100.0,10,30,50,50,40,https://www.apartmanija.hr/apartmani/rogoznica/apartmani-jerkunica/9768
Apartmani Vinčić,Čeline bb| Rogoznica,A4+1,800.0,100.0,40,40,1000,300,900,https://www.apartmanija.hr/apartmani/rogoznica/apartmani-vincic/10531
Apartmani Vinčić,Čeline bb| Rogoznica,A4+1,800.0,100.0,40,40,1000,300,900,https://www.apartmanija.hr/apartmani/rogoznica/apartmani-vincic/10531
Apartmani Nives,Zečevarska 48| Rogoznica,A4+1,800.0,100.0,200,200,200,200,200,https://www.apartmanija.hr/apartmani/rogoznica/apartmani-nives/22284
Apartmani Nives,Zečevarska 48| Rogoznica,A4+1,800.0,100.0,200,200,200,200,200,https://www.apartmanija.hr/apartmani/rogoznica/apartmani-nives/22284
Apartmani Maslina,Rogoznica| Viška 2c| Rogoznica,A4+1,800.0,100.0,200,300,300,100,200,https://www.apartmanija.hr/apartmani/rogoznica/apartmani-maslina/8629
Apartmani Maslina,Rogoznica| Viška 2c| Rogoznica,A4+1,800.0,100.0,200,300,300,100,200,https://www.apartmanija.hr/apartmani/rogoznica/apartmani-maslina/8629
Apartmani Miljenko,Jarebinjačka 7| Rogoznica,A4+1,840.0,105.0,50,50,200,200,200,https://www.apartmanija.hr/apartmani/rogoznica/apartmani-miljenko/8298
Apartmani Mirko,Hrvojeva 2| Rogoznica,A4+1,840.0,105.0,50,50,5000,200,5000,https://www.apartmanija.hr/apartmani/rogoznica/apartmani-mirko/11715
Apartmani Mirko,Hrvojeva 2| Rogoznica,A4+1,840.0,105.0,50,50,5000,200,5000,https://www.apartmanija.hr/apartmani/rogoznica/apartmani-mirko/11715
Apartmani Vinčić,Čeline bb| Rogoznica,A4+1,880.0,110.0,40,40,1000,300,900,https://www.apartmanija.hr/apartmani/rogoznica/apartmani-vincic/10531
Apartmani Laim,Kanica 190A| Rogoznica,A4+1,880.0,110.0,50,50,2000,10000,15000,https://www.apartmanija.hr/apartmani/rogoznica/apartmani-laim/6540
Apartmani Laim,Kanica 190A| Rogoznica,A4+1,880.0,110.0,50,50,2000,10000,15000,https://www.apartmanija.hr/apartmani/rogoznica/apartmani-laim/6540
Apartmani Viktor,Zrčevarska 54| Rogoznica,A4+1,880.0,110.0,100,100,500,200,200,https://www.apartmanija.hr/apartmani/rogoznica/apartmani-viktor/515
Apartmani Viktor,Zrčevarska 54| Rogoznica,A4+1,880.0,110.0,100,100,500,200,200,https://www.apartmanija.hr/apartmani/rogoznica/apartmani-viktor/515
Apartmani Bilonic,Miline 26| Rogoznica,A4+1,880.0,110.0,10,100,100,100,100,https://www.apartmanija.hr/apartmani/rogoznica/apartmani-bilonic/1532
Apartmani Lemo,Lozica V/8| Rogoznica,A4+1,960.0,120.0,50,50,5000,500,1000,https://www.apartmanija.hr/apartmani/rogoznica/apartmani-lemo/19647
Apartmani Lemo,Lozica V/8| Rogoznica,A4+1,960.0,120.0,50,50,5000,500,1000,https://www.apartmanija.hr/apartmani/rogoznica/apartmani-lemo/19647
Apartmani Perla,Put starog sela 33| Rogoznica,A4+1,960.0,120.0,80,100,500,100,200,https://www.apartmanija.hr/apartmani/rogoznica/apartmani-perla/10149
Apartmani Villa Divna,Čelina V| 10| Podglavica| Rogoznica,A4+1,960.0,120.0,2000,100,2000,2000,2000,https://www.apartmanija.hr/apartmani/rogoznica/apartmani-villa-divna/2133
Apartmani Villa Divna,Čelina V| 10| Podglavica| Rogoznica,A4+1,960.0,120.0,2000,100,2000,2000,2000,https://www.apartmanija.hr/apartmani/rogoznica/apartmani-villa-divna/2133
Apartmani Biserka,Zečevarska 76|Lozica| Rogoznica,A4+1,960.0,120.0,70,100,600,200,300,https://www.apartmanija.hr/apartmani/rogoznica/apartmani-biserka/14997
Apartmani BM Rog,Ždrilo 25| Rogoznica,A4+1,1000.0,125.0,10,10,5000,200,400,https://www.apartmanija.hr/apartmani/rogoznica/apartmani-bm-rog-/6009
Apartman Petric,Lozica|Hrvojeva 26| Rogoznica,A4+1,1040.0,130.0,10,10,1000,500,10,https://www.apartmanija.hr/apartmani/rogoznica/apartman-petric/9809
Apartmani Mistral,Lozica 2/70 | Rogoznica,A4+1,1040.0,130.0,10,10,800,600,400,https://www.apartmanija.hr/apartmani/rogoznica/apartmani-mistral/22783
Apartmani Tihana,Lozica III  br.36| Rogoznica,A4+1,1040.0,130.0,10,10,800,100,600,https://www.apartmanija.hr/apartmani/rogoznica/apartmani-tihana/9977
Apartmani Antonio,Viška 10| Rogoznica,A4+1,1040.0,130.0,90,90,90,90,90,https://www.apartmanija.hr/apartmani/rogoznica/apartmani-antonio-/27020
Apartmani Villa Rosina,Rtić 14D| Zečevo Rogozničko| Rogoznica,A4+1,1080.0,135.0,70,70,2000,50,2000,https://www.apartmanija.hr/apartmani/rogoznica/apartmani-villa-rosina/11202
Apartmani Polić,Zečevo Rogozničko Lozica IV 13b| Rogoznica,A4+1,1120.0,140.0,10,10,2000,400,50,https://www.apartmanija.hr/apartmani/rogoznica/apartmani-polic/13684
Apartmani Mahin,Put Šepurine 89| Rogoznica,A4+1,1120.0,140.0,20,10,6000,800,700,https://www.apartmanija.hr/apartmani/rogoznica/apartmani-mahin-/22786
Apartmani Delfin,Put rtića 16| Rogoznica,A4+1,1120.0,140.0,10,10,300,300,100,https://www.apartmanija.hr/apartmani/rogoznica/apartmani-delfin/2599
Apartmani 4 Dolphins,Lozica IV/11| Rogoznica,A4+1,1160.0,145.0,50,40,5000,12000,5000,https://www.apartmanija.hr/apartmani/rogoznica/apartmani-4-dolphins/7312
Apartmani 4 Dolphins,Lozica IV/11| Rogoznica,A4+1,1160.0,145.0,50,40,5000,12000,5000,https://www.apartmanija.hr/apartmani/rogoznica/apartmani-4-dolphins/7312
Apartmani Anna,Put Sepurine 48 c| Rogoznica,A4+1,1200.0,150.0,20,20,1000,500,300,https://www.apartmanija.hr/apartmani/rogoznica/apartmani-anna/28623
Apartmani Polić,Zečevo Rogozničko Lozica IV 13b| Rogoznica,A4+1,1280.0,160.0,10,10,2000,400,50,https://www.apartmanija.hr/apartmani/rogoznica/apartmani-polic/13684
Apartmani Polić,Zečevo Rogozničko Lozica IV 13b| Rogoznica,A4+1,1280.0,160.0,10,10,2000,400,50,https://www.apartmanija.hr/apartmani/rogoznica/apartmani-polic/13684
Apartman Morska Villa,Lozica II  82| Rogoznica,A4+1,1280.0,160.0,10,10,1000,500,600,https://www.apartmanija.hr/apartmani/rogoznica/apartman-morska-villa/12744
Apartmani Jelena,Ljoljinica 51| Rogoznica,A4+1,1280.0,160.0,50,50,7000,200,200,https://www.apartmanija.hr/apartmani/rogoznica/apartmani-jelena/11969
Apartmani Villa Orazur,Lozica IV 13c| Rogoznica,A4+1,1440.0,180.0,10,10,1000,1000,100,https://www.apartmanija.hr/apartmani/rogoznica/apartmani-villa-orazur/31217
Apartmani Jelena,Ljoljinica 51| Rogoznica,A4+1,1920.0,240.0,50,50,7000,200,200,https://www.apartmanija.hr/apartmani/rogoznica/apartmani-jelena/11969
Apartmani Cvita Holiday,Podgruda 7| Rogoznica,A4+1,1960.0,245.0,100,100,5000,5000,10,https://www.apartmanija.hr/apartmani/rogoznica/apartmani-cvita-holiday/30907
Apartmani Cvita Holiday,Podgruda 7| Rogoznica,A4+1,1960.0,245.0,100,100,5000,5000,10,https://www.apartmanija.hr/apartmani/rogoznica/apartmani-cvita-holiday/30907
Apartmani Rajčić,Ražanj|Uvala Stivašnica 58| Rogoznica,A4+1,2000.0,250.0,20,10,5000,5000,5000,https://www.apartmanija.hr/apartmani/rogoznica/apartmani-rajcic/8205
Apartmani Rajčić,Ražanj|Uvala Stivašnica 58| Rogoznica,A4+1,2000.0,250.0,20,10,5000,5000,5000,https://www.apartmanija.hr/apartmani/rogoznica/apartmani-rajcic/8205
Apartmani Mario,Zečevo Rogozničko| Stara draga 4| Rogoznica,A4+2,560.0,70.0,200,200,2000,2000,2000,https://www.apartmanija.hr/apartmani/rogoznica/apartmani-mario/15818
Apartmani Mičija,Put Šepurine 2| Rogoznica,A4+2,640.0,80.0,40,40,300,100,50,https://www.apartmanija.hr/apartmani/rogoznica/apartmani-micija/11704
Apartmani  Franka,Lozica 3/1| Rogoznica,A4+2,680.0,85.0,100,100,1000,1000,1000,https://www.apartmanija.hr/apartmani/rogoznica/apartmani--franka/23542
Apartmani Ilija,Podgruda 16c| Rogoznica,A4+2,680.0,85.0,200,200,Ni podatka,Ni podatka,Ni podatka,https://www.apartmanija.hr/apartmani/rogoznica/apartmani-ilija/13378
Apartmani Marcelina & Bepo,Ulica Nova 3/10| Rogoznica,A4+2,760.0,95.0,60,60,700,500,500,https://www.apartmanija.hr/apartmani/rogoznica/apartmani-marcelina-i-bepo/27104
Apartmani Slavić,Varoš 19| Ražanj| Rogoznica,A4+2,760.0,95.0,60,60,300,300,300,https://www.apartmanija.hr/apartmani/rogoznica/apartmani-slavic/8978
Apartmani Marko,Stupin Celine 4/9| Rogoznica,A4+2,760.0,95.0,100,100,2000,30,5000,https://www.apartmanija.hr/apartmani/rogoznica/apartmani-marko/21785
Apartmani Vila Luxor,Put Šepurine 22| Rogoznica,A4+2,792.0,99.0,200,200,300,200,50,https://www.apartmanija.hr/apartmani/rogoznica/apartmani-vila-luxor/27274
Apartmani Iris,Rtić 32| Rogoznica,A4+2,800.0,100.0,40,50,5000,3000,50,https://www.apartmanija.hr/apartmani/rogoznica/apartmani-iris/17731
Apartmani Nadin,Hrojeva 9 | Rogoznica,A4+2,880.0,110.0,50,50,900,900,700,https://www.apartmanija.hr/apartmani/rogoznica/apartmani-nadin/22250
Apartmani Nadin,Hrojeva 9 | Rogoznica,A4+2,880.0,110.0,50,50,900,900,700,https://www.apartmanija.hr/apartmani/rogoznica/apartmani-nadin/22250
Apartmani Magnolia Radačić,Lozica IV 1/c| Rogoznica,A4+2,880.0,110.0,100,100,2000,2000,1000,https://www.apartmanija.hr/apartmani/rogoznica/apartmani-magnolia-radacic/10071
Apartmani Dalmacija,Ante Starčevića 17A| Rogoznica,A4+2,880.0,110.0,300,300,300,100,200,https://www.apartmanija.hr/apartmani/rogoznica/apartmani-dalmacija-/14560
Apartmani Palma,Varoš 26| Ražanj| Rogoznica,A4+2,960.0,120.0,10,10,300,100,100,https://www.apartmanija.hr/apartmani/rogoznica/apartmani-palma-/10059
Apartman Anita,Lozica II 78| Rogoznica,A4+2,960.0,120.0,20,20,800,100,100,https://www.apartmanija.hr/apartmani/rogoznica/apartman-anita/6061
Kuća za odmor Nada,Rogoznica| Lozica II| br. 52| Rogoznica,A4+2,960.0,120.0,40,40,2000,2000,2000,https://www.apartmanija.hr/apartmani/rogoznica/kuca-za-odmor-nada/19315
Apartmani Magnolia Radačić,Lozica IV 1/c| Rogoznica,A4+2,960.0,120.0,100,100,2000,2000,1000,https://www.apartmanija.hr/apartmani/rogoznica/apartmani-magnolia-radacic/10071
Apartmani Goleš,Miline 48| Rogoznica,A4+2,1040.0,130.0,20,20,500,200,10,https://www.apartmanija.hr/apartmani/rogoznica/apartmani-goles/23691
Apartmani Faro,Rtić 37| Zečevo Rogozničko| Rogoznica,A4+2,1040.0,130.0,30,30,2000,5000,300,https://www.apartmanija.hr/apartmani/rogoznica/apartmani-faro/27804
Apartmani Zečevo,Zečevo Rogozničko| Stara draga 15 a| Rogoznica,A4+2,1040.0,130.0,200,200,8000,8000,8000,https://www.apartmanija.hr/apartmani/rogoznica/apartmani-zecevo/30436
Apartmani Zečevo,Zečevo Rogozničko| Stara draga 15 a| Rogoznica,A4+2,1040.0,130.0,200,200,8000,8000,8000,https://www.apartmanija.hr/apartmani/rogoznica/apartmani-zecevo/30436
Apartmani Villa Klisovic,Put Šepurine 35| Rogoznica,A4+2,1048.0,131.0,100,100,800,500,300,https://www.apartmanija.hr/apartmani/rogoznica/apartmani-villa-klisovic/4973
Apartmani Villa Klisovic,Put Šepurine 35| Rogoznica,A4+2,1048.0,131.0,100,100,800,500,300,https://www.apartmanija.hr/apartmani/rogoznica/apartmani-villa-klisovic/4973
Apartmani Villa Rosina,Rtić 14D| Zečevo Rogozničko| Rogoznica,A4+2,1080.0,135.0,70,70,2000,50,2000,https://www.apartmanija.hr/apartmani/rogoznica/apartmani-villa-rosina/11202
Apartmani Crnjac,Čelina I 31a| Stupin Čeline| Rogoznica,A4+2,1120.0,140.0,30,30,2000,500,2000,https://www.apartmanija.hr/apartmani/rogoznica/apartmani-crnjac/30246
Apartmani Antea,Put starog sela 16| Rogoznica,A4+2,1120.0,140.0,100,100,500,500,500,https://www.apartmanija.hr/apartmani/rogoznica/apartmani-antea/273
Apartmani Iva,Lozica V| 4/B| Rogoznica,A4+2,1120.0,140.0,100,100,1000,200,400,https://www.apartmanija.hr/apartmani/rogoznica/apartmani-iva/8821
Apartmani Iva,Lozica V| 4/B| Rogoznica,A4+2,1120.0,140.0,100,100,1000,200,400,https://www.apartmanija.hr/apartmani/rogoznica/apartmani-iva/8821
Apartmani Villa Marin,Rtič 14 a| Rogoznica,A4+2,1200.0,150.0,60,60,9000,9000,70,https://www.apartmanija.hr/apartmani/rogoznica/apartmani-villa-marin/6943
Apartmani Villa Marin,Rtič 14 a| Rogoznica,A4+2,1200.0,150.0,60,60,9000,9000,70,https://www.apartmanija.hr/apartmani/rogoznica/apartmani-villa-marin/6943
Apartmani Triton,Put starog sela 8A| Rogoznica,A4+2,1200.0,150.0,70,70,500,500,500,https://www.apartmanija.hr/apartmani/rogoznica/apartmani-triton/28105
Apartmani Mihoci,Nova XI| br. 6| Rogoznica,A4+2,1200.0,150.0,200,200,1000,800,800,https://www.apartmanija.hr/apartmani/rogoznica/apartmani-mihoci/14345
Apartman Vlaić,Put magistrale 1a| Rogoznica,A4+2,1240.0,155.0,40,40,700,80,80,https://www.apartmanija.hr/apartmani/rogoznica/apartman-vlaic/6461
Apartmani Faro,Rtić 37| Zečevo Rogozničko| Rogoznica,A4+2,1280.0,160.0,30,30,2000,5000,300,https://www.apartmanija.hr/apartmani/rogoznica/apartmani-faro/27804
Apartmani Mihoci,Nova XI| br. 6| Rogoznica,A4+2,1280.0,160.0,200,200,1000,800,800,https://www.apartmanija.hr/apartmani/rogoznica/apartmani-mihoci/14345
Apartmani Faro,Rtić 37| Zečevo Rogozničko| Rogoznica,A4+2,1360.0,170.0,30,30,2000,5000,300,https://www.apartmanija.hr/apartmani/rogoznica/apartmani-faro/27804
Apartman Blue,Put Šepurine 57| Rogoznica,A4+2,1440.0,180.0,20,10,6000,800,700,https://www.apartmanija.hr/apartmani/rogoznica/apartman-blue/28106
Apartman Dalia,Put Crljine 10 c| Rogoznica,A4+2,1440.0,180.0,400,400,400,200,300,https://www.apartmanija.hr/apartmani/rogoznica/apartman-dalia/23359
Apartmani Šime,Miline 54a| Rogoznica,A4+2,1600.0,200.0,10,10,200,200,20,https://www.apartmanija.hr/apartmani/rogoznica/apartmani-sime/13872
Apartman Skorin,Trogirska 3| Rogoznica,A4+2,1920.0,240.0,100,100,70,200,70,https://www.apartmanija.hr/apartmani/rogoznica/apartman-skorin/8823
Apartmani Katica,Stupin Čeline| Ždrilo 29| Rogoznica,A4+3,960.0,120.0,30,30,1000,200,200,https://www.apartmanija.hr/apartmani/rogoznica/apartmani-katica/25359
Apartmani Elle,Lozica III br.10| Rogoznica,A5,800.0,100.0,70,70,1000,100,2000,https://www.apartmanija.hr/apartmani/rogoznica/apartmani-elle/8355
Apartmani Elle,Lozica III br.10| Rogoznica,A5,880.0,110.0,70,70,1000,100,2000,https://www.apartmanija.hr/apartmani/rogoznica/apartmani-elle/8355
Apartmani Crnjac,Čelina I 31a| Stupin Čeline| Rogoznica,A5,960.0,120.0,30,30,2000,500,2000,https://www.apartmanija.hr/apartmani/rogoznica/apartmani-crnjac/30246
Apartmani ATL,Splitska 10| Rogoznica,A5,1440.0,180.0,70,70,200,200,200,https://www.apartmanija.hr/apartmani/rogoznica/apartmani-atl/18543
Apartmani Villa Stella,Zečevarska 96 A| Rogoznica,A5+1,2000.0,250.0,10,50,500,200,500,https://www.apartmanija.hr/apartmani/rogoznica/apartmani-villa-stella/16833
Apartmani Vila Mija,Rtić 35C| Zečevo Rogozničko| Rogoznica,A5+2,960.0,120.0,60,50,2000,5000,2000,https://www.apartmanija.hr/apartmani/rogoznica/apartmani-vila-mija/22880
Apartmani Vila Mija,Rtić 35C| Zečevo Rogozničko| Rogoznica,A5+2,960.0,120.0,60,50,2000,5000,2000,https://www.apartmanija.hr/apartmani/rogoznica/apartmani-vila-mija/22880
Apartmani Ivanković,Viška ulica| Rogoznica,A5+2,960.0,120.0,100,100,500,100,500,https://www.apartmanija.hr/apartmani/rogoznica/apartmani-ivankovic/20464
Apartmani Ivanković,Viška ulica| Rogoznica,A5+2,960.0,120.0,100,100,500,100,500,https://www.apartmanija.hr/apartmani/rogoznica/apartmani-ivankovic/20464
Apartmani Ivona,Zečevarska 39| Rogoznica,A5+3,1200.0,150.0,100,100,200,200,200,https://www.apartmanija.hr/apartmani/rogoznica/apartmani-ivona/9502
Apartmani Meri,Račice 10b| Rogoznica,A6,800.0,100.0,10,10,100,200,100,https://www.apartmanija.hr/apartmani/rogoznica/apartmani-meri/11835
Apartmani Mihanović,Lozica II/68| Rogoznica,A6,800.0,100.0,30,30,1000,900,50,https://www.apartmanija.hr/apartmani/rogoznica/apartmani-mihanovic/29215
Apartman Bepo,Ante Starčevića 25| Rogoznica,A6,960.0,120.0,200,200,1000,50,1000,https://www.apartmanija.hr/apartmani/rogoznica/apartman-bepo/24572
Apartmani Delfin,Put rtića 16| Rogoznica,A6,1160.0,145.0,10,10,300,300,100,https://www.apartmanija.hr/apartmani/rogoznica/apartmani-delfin/2599
Kuća za odmor Nada,Rogoznica| Lozica II| br. 52| Rogoznica,A6,1200.0,150.0,40,40,2000,2000,2000,https://www.apartmanija.hr/apartmani/rogoznica/kuca-za-odmor-nada/19315
Apartmani Jela,Zatoglav 68| Rogoznica,A6,1360.0,170.0,10,10,4000,3000,4000,https://www.apartmanija.hr/apartmani/rogoznica/apartmani-jela/12658
Apartmani Matija,Lozica 92| Rogoznica,A6,1360.0,170.0,30,30,500,500,500,https://www.apartmanija.hr/apartmani/rogoznica/apartmani-matija/17247
Apartmani Matija,Lozica 92| Rogoznica,A6,1360.0,170.0,30,30,500,500,500,https://www.apartmanija.hr/apartmani/rogoznica/apartmani-matija/17247
Apartmani Luka,Rtić 14c| Zečevo| Rogoznica,A6,1360.0,170.0,30,30,3000,5000,30,https://www.apartmanija.hr/apartmani/rogoznica/apartmani-luka/12131
Apartmani Bilonic,Miline 26| Rogoznica,A6,1400.0,175.0,10,100,100,100,100,https://www.apartmanija.hr/apartmani/rogoznica/apartmani-bilonic/1532
Apartmani Jelena,Ljoljinica 51| Rogoznica,A6,1680.0,210.0,50,50,7000,200,200,https://www.apartmanija.hr/apartmani/rogoznica/apartmani-jelena/11969
Apartmani Miki,Čeline II 3| Rogoznica,A6+1,720.0,90.0,100,100,2000,100,2000,https://www.apartmanija.hr/apartmani/rogoznica/apartmani-miki/9464
Apartmani Tonka,Lozica V 4a| Rogoznica,A6+1,1040.0,130.0,100,100,8000,8000,200,https://www.apartmanija.hr/apartmani/rogoznica/apartmani-tonka/20496
Apartmani Cvita Holiday,Podgruda 7| Rogoznica,A6+1,3000.0,375.0,100,100,5000,5000,10,https://www.apartmanija.hr/apartmani/rogoznica/apartmani-cvita-holiday/30907
Apartmani Fiso,Zatoglav  24A| Rogoznica,A6+2,960.0,120.0,100,100,1000,1000,2000,https://www.apartmanija.hr/apartmani/rogoznica/apartmani-fiso/23022
Apartmani Katica,Stupin Čeline| Ždrilo 29| Rogoznica,A6+2,1040.0,130.0,30,30,1000,200,200,https://www.apartmanija.hr/apartmani/rogoznica/apartmani-katica/25359
Apartmani  Goleš,Podglavička 9| Rogoznica,A6+2,1120.0,140.0,100,100,100,80,200,https://www.apartmanija.hr/apartmani/rogoznica/apartmani--goles-/25460
Apartmani Villa Klisovic,Put Šepurine 35| Rogoznica,A6+2,1328.0,166.0,100,100,800,500,300,https://www.apartmanija.hr/apartmani/rogoznica/apartmani-villa-klisovic/4973
Apartmani Odi,Lozica II| broj 22| Rogoznica,A6+2,1360.0,170.0,90,90,900,900,70,https://www.apartmanija.hr/apartmani/rogoznica/apartmani-odi/30875
Apartmani Vedrana,Nova X 53| Rogoznica,A6+2,1920.0,240.0,100,100,700,700,800,https://www.apartmanija.hr/apartmani/rogoznica/apartmani-vedrana/24330
Apartmani Villa Divna,Čelina V| 10| Podglavica| Rogoznica,A6+3,1520.0,190.0,2000,100,2000,2000,2000,https://www.apartmanija.hr/apartmani/rogoznica/apartmani-villa-divna/2133
Apartmani Sweet Mamma,Lozica V kb 9| Rogoznica,A8,1600.0,200.0,30,30,5000,300,5000,https://www.apartmanija.hr/apartmani/rogoznica/apartmani-sweet-mamma/5240
Apartmani Venci, Čeline  I | 31| Rogoznica,A8,1680.0,210.0,40,40,6000,200,6000,https://www.apartmanija.hr/apartmani/rogoznica/apartmani-venci/8496
Apartmani Cvita Holiday,Podgruda 7| Rogoznica,A8,3160.0,395.0,100,100,5000,5000,10,https://www.apartmanija.hr/apartmani/rogoznica/apartmani-cvita-holiday/30907
Apartman Marin,Stupin Čeline 49| Rogoznica,A8+1,960.0,120.0,100,100,1000,200,1000,https://www.apartmanija.hr/apartmani/rogoznica/apartman-marin/4937
Apartmani Venci, Čeline  I | 31| Rogoznica,A9,1653.0,206.62,40,40,6000,200,6000,https://www.apartmanija.hr/apartmani/rogoznica/apartmani-venci/8496
Apartmani Viktor,Zrčevarska 54| Rogoznica,Soba,400.0,50.0,100,100,500,200,200,https://www.apartmanija.hr/apartmani/rogoznica/apartmani-viktor/515
Apartmani Janja,Lozica IV 56A | Rogoznica,Soba,440.0,55.0,30,200,1000,5000,1000,https://www.apartmanija.hr/apartmani/rogoznica/apartmani-janja/22652
Apartmani Magnolia,Lozica IV| br. 56| Rogoznica,Soba,480.0,60.0,400,400,1000,1000,1000,https://www.apartmanija.hr/apartmani/rogoznica/apartmani-magnolia/16527
Apartmani Ivona,Zečevarska 39| Rogoznica,Soba+1,400.0,50.0,100,100,200,200,200,https://www.apartmanija.hr/apartmani/rogoznica/apartmani-ivona/9502
Apartmani Šaponja,Stupin Čelina 2-22-Podglavica| Rogoznica,Soba+1,400.0,50.0,100,100,2000,300,2000,https://www.apartmanija.hr/apartmani/rogoznica/apartmani-saponja/30194
Apartmani Botanica,Zatoglav 63b| Rogoznica,Soba+2,1200.0,150.0,50,50,4000,7000,2000,https://www.apartmanija.hr/apartmani/rogoznica/apartmani-botanica/30688
Apartmani Botanica,Zatoglav 63b| Rogoznica,Soba+2,1200.0,150.0,50,50,4000,7000,2000,https://www.apartmanija.hr/apartmani/rogoznica/apartmani-botanica/30688
Apartmani Botanica,Zatoglav 63b| Rogoznica,Soba+2,1200.0,150.0,50,50,4000,7000,2000,https://www.apartmanija.hr/apartmani/rogoznica/apartmani-botanica/30688
Apartmani Botanica,Zatoglav 63b| Rogoznica,Soba+2,1200.0,150.0,50,50,4000,7000,2000,https://www.apartmanija.hr/apartmani/rogoznica/apartmani-botanica/30688
Apartmani Mima,Put Starog Sela 12| Rogoznica,Studio,280.0,35.0,80,100,1000,100,700,https://www.apartmanija.hr/apartmani/rogoznica/apartmani-mima/7818
Apartmani Odi,Lozica II| broj 22| Rogoznica,Studio,360.0,45.0,90,90,900,900,70,https://www.apartmanija.hr/apartmani/rogoznica/apartmani-odi/30875
Apartmani Maslina,Rogoznica| Viška 2c| Rogoznica,Studio,360.0,45.0,200,300,300,100,200,https://www.apartmanija.hr/apartmani/rogoznica/apartmani-maslina/8629
Apartmani Iva Janeš,Put Jezera 3A | Rogoznica,Studio,400.0,50.0,50,50,200,200,500,https://www.apartmanija.hr/apartmani/rogoznica/apartmani-iva-janes/14191
Apartmani Iva Janeš,Put Jezera 3A | Rogoznica,Studio,400.0,50.0,50,50,200,200,500,https://www.apartmanija.hr/apartmani/rogoznica/apartmani-iva-janes/14191
Apartmani Zec,Lozica IV 1A| Rogoznica,Studio,400.0,50.0,100,100,1000,500,200,https://www.apartmanija.hr/apartmani/rogoznica/apartmani-zec/24101
Apartmani Mima,Put Starog Sela 12| Rogoznica,Studio,440.0,55.0,80,100,1000,100,700,https://www.apartmanija.hr/apartmani/rogoznica/apartmani-mima/7818
Apartmani Topic,Don Ivana Jurceva 16| Rogoznica,Studio,480.0,60.0,50,50,50,50,60,https://www.apartmanija.hr/apartmani/rogoznica/apartmani-topic/27059
Apartmani Slavić,Varoš 19| Ražanj| Rogoznica,Studio,480.0,60.0,60,60,300,300,300,https://www.apartmanija.hr/apartmani/rogoznica/apartmani-slavic/8978
Apartmani Three Sisters Suites,Viska 14 A| Rogoznica,Studio,480.0,60.0,200,200,300,100,100,https://www.apartmanija.hr/apartmani/rogoznica/apartmani-three-sisters-suites/28023
Apartmani Three Sisters Suites,Viska 14 A| Rogoznica,Studio,480.0,60.0,200,200,300,100,100,https://www.apartmanija.hr/apartmani/rogoznica/apartmani-three-sisters-suites/28023
Apartmani Hadriaticum 1,Zatoglav 69| Rogoznica,Studio,560.0,70.0,10,10,4000,2000,4000,https://www.apartmanija.hr/apartmani/rogoznica/apartmani-hadriaticum-1/7427
Apartmani Antea,Put starog sela 16| Rogoznica,Studio,560.0,70.0,100,100,500,500,500,https://www.apartmanija.hr/apartmani/rogoznica/apartmani-antea/273
Apartmani Antea,Put starog sela 16| Rogoznica,Studio,560.0,70.0,100,100,500,500,500,https://www.apartmanija.hr/apartmani/rogoznica/apartmani-antea/273
Apartmani Lighthouse,Rogoznicko zecevo| Lozica IV/47a| Rogoznica,Studio,600.0,75.0,50,50,4000,4000,300,https://www.apartmanija.hr/apartmani/rogoznica/apartmani-lighthouse/30066
Apartmani Villa Rosina,Rtić 14D| Zečevo Rogozničko| Rogoznica,Studio,600.0,75.0,70,70,2000,50,2000,https://www.apartmanija.hr/apartmani/rogoznica/apartmani-villa-rosina/11202
Apartmani Villa Rosina,Rtić 14D| Zečevo Rogozničko| Rogoznica,Studio,600.0,75.0,70,70,2000,50,2000,https://www.apartmanija.hr/apartmani/rogoznica/apartmani-villa-rosina/11202
Apartmani Hadriaticum 1,Zatoglav 69| Rogoznica,Studio,640.0,80.0,10,10,4000,2000,4000,https://www.apartmanija.hr/apartmani/rogoznica/apartmani-hadriaticum-1/7427
Apartmani ATL,Splitska 10| Rogoznica,Studio,640.0,80.0,70,70,200,200,200,https://www.apartmanija.hr/apartmani/rogoznica/apartmani-atl/18543
Apartmani Triton,Put starog sela 8A| Rogoznica,Studio,640.0,80.0,70,70,500,500,500,https://www.apartmanija.hr/apartmani/rogoznica/apartmani-triton/28105
Apartman Morska Villa,Lozica II  82| Rogoznica,Studio,720.0,90.0,10,10,1000,500,600,https://www.apartmanija.hr/apartmani/rogoznica/apartman-morska-villa/12744
Apartmani Rajčić,Ražanj|Uvala Stivašnica 58| Rogoznica,Studio,960.0,120.0,20,10,5000,5000,5000,https://www.apartmanija.hr/apartmani/rogoznica/apartmani-rajcic/8205
Apartmani Frano,Put Starog sela 24| Rogoznica,Studio+1,440.0,55.0,100,100,900,500,1000,https://www.apartmanija.hr/apartmani/rogoznica/apartmani-frano/9991
Apartmani Vinčić,Čeline bb| Rogoznica,Studio+1,635.0,79.38,40,40,1000,300,900,https://www.apartmanija.hr/apartmani/rogoznica/apartmani-vincic/10531
Apartmani Triton,Put starog sela 8A| Rogoznica,Studio+1,640.0,80.0,70,70,500,500,500,https://www.apartmanija.hr/apartmani/rogoznica/apartmani-triton/28105
Apartmani Cvita Holiday Villa Natali,Lozica I 20a| Rogoznica,Studio+1,960.0,120.0,100,100,1000,500,30,https://www.apartmanija.hr/apartmani/rogoznica/apartmani-cvita-holiday-villa-natali/28265
Apartmani Rajčić,Ražanj|Uvala Stivašnica 58| Rogoznica,Studio+1,1200.0,150.0,20,10,5000,5000,5000,https://www.apartmanija.hr/apartmani/rogoznica/apartmani-rajcic/8205
Apartmani Meri,Račice 10b| Rogoznica,Studio+2,400.0,50.0,10,10,100,200,100,https://www.apartmanija.hr/apartmani/rogoznica/apartmani-meri/11835
Apartmani Vila Luxor,Put Šepurine 22| Rogoznica,Studio+2,400.0,50.0,200,200,300,200,50,https://www.apartmanija.hr/apartmani/rogoznica/apartmani-vila-luxor/27274
Apartmani Vila Luxor,Put Šepurine 22| Rogoznica,Studio+2,440.0,55.0,200,200,300,200,50,https://www.apartmanija.hr/apartmani/rogoznica/apartmani-vila-luxor/27274
Apartmani Dino,Stupin Čeline | Rogoznica,Studio+2,480.0,60.0,40,40,5000,200,5000,https://www.apartmanija.hr/apartmani/rogoznica/apartmani-dino/8905
Apartmani Ivona,Zečevarska 39| Rogoznica,Studio+2,480.0,60.0,100,100,200,200,200,https://www.apartmanija.hr/apartmani/rogoznica/apartmani-ivona/9502
Apartman Marin,Stupin Čeline 49| Rogoznica,Studio+2,480.0,60.0,100,100,1000,200,1000,https://www.apartmanija.hr/apartmani/rogoznica/apartman-marin/4937
